{"stat.chestOpened":4,"stat.useItem.minecraft.chain_command_block":64,"stat.useItem.minecraft.sticky_piston":11,"stat.useItem.minecraft.stone":65,"stat.pigOneCm":7519,"stat.leaveGame":9,"stat.useItem.minecraft.grass":7,"stat.jump":343,"stat.swimOneCm":17163,"stat.useItem.minecraft.sand":14,"stat.fallOneCm":1660,"stat.climbOneCm":302,"stat.useItem.minecraft.piston":2,"stat.useItem.minecraft.stone.6":65,"stat.crouchOneCm":2880,"stat.useItem.minecraft.redstone_torch":11,"stat.useItem.minecraft.stone_button":2,"stat.useItem.minecraft.cobblestone_wall.0":4,"stat.useItem.minecraft.water_bucket":4,"stat.pickup.minecraft.rotten_flesh":1,"stat.useItem.minecraft.dispenser":1,"stat.useItem.minecraft.glass":37,"stat.boatOneCm":1312,"stat.pickup.minecraft.command_block":1,"stat.damageTaken":130,"stat.useItem.minecraft.furnace":4,"stat.dispenserInspected":6,"stat.useItem.minecraft.carrot_on_a_stick":3,"stat.drop.minecraft.elytra":1,"stat.aviateOneCm":941903,"stat.useItem.minecraft.concrete.14":3,"stat.useItem.minecraft.slime":12,"stat.drop.minecraft.minecart":1,"stat.flyOneCm":1096120,"stat.useItem.minecraft.ender_pearl":7,"stat.damageDealt":10,"stat.timeSinceDeath":89440,"stat.useItem.minecraft.fence_gate":2,"stat.useItem.minecraft.stone_slab.0":4,"stat.useItem.minecraft.sign":5,"stat.pickup.minecraft.minecart":1,"stat.useItem.minecraft.spawn_egg":1,"stat.useItem.minecraft.command_block":11,"stat.pickup.minecraft.boat":31,"stat.walkOneCm":61274,"stat.trappedChestTriggered":3,"stat.useItem.minecraft.chest":2,"stat.useItem.minecraft.lever":4,"stat.useItem.minecraft.observer":16,"stat.useItem.minecraft.tnt":1,"stat.furnaceInteraction":3,"stat.minecartOneCm":284,"stat.useItem.minecraft.end_stone":16,"stat.useItem.minecraft.minecart":4,"stat.useItem.minecraft.redstone":16,"stat.useItem.minecraft.dropper":1,"stat.sprintOneCm":32165,"stat.drop.minecraft.command_block":1,"stat.useItem.minecraft.fence":5,"stat.pickup.minecraft.ladder":2,"stat.useItem.minecraft.fireworks":6,"stat.useItem.minecraft.concrete":3,"stat.useItem.minecraft.glass_pane":63,"stat.useItem.minecraft.stone_slab":4,"stat.useItem.minecraft.sand.0":14,"stat.drop.minecraft.carrot_on_a_stick":1,"stat.pickup.minecraft.fireworks":384,"stat.useItem.minecraft.golden_apple.1":1,"stat.useItem.minecraft.hopper":4,"stat.useItem.minecraft.golden_apple":1,"stat.useItem.minecraft.boat":1,"stat.useItem.minecraft.cobblestone_wall":4,"stat.drop":4,"stat.playOneMinute":89440,"stat.useItem.minecraft.ladder":2,"stat.sneakTime":3450,"stat.pickup.minecraft.elytra":1,"stat.diveOneCm":18947,"stat.useItem.minecraft.fishing_rod":21}