{"stat.chestOpened":3,"stat.useItem.minecraft.command_block":3,"stat.walkOneCm":3840,"stat.useItem.minecraft.chain_command_block":22,"stat.pigOneCm":414,"stat.leaveGame":3,"stat.furnaceInteraction":1,"stat.useItem.minecraft.grass":16,"stat.useItem.minecraft.anvil.0":1,"stat.jump":50,"stat.useItem.minecraft.sand":4,"stat.swimOneCm":218,"stat.fallOneCm":209,"stat.crouchOneCm":1288,"stat.useItem.minecraft.stone_button":1,"stat.sprintOneCm":1411,"stat.useItem.minecraft.sand.0":4,"stat.damageTaken":103,"stat.dispenserInspected":5,"stat.useItem.minecraft.anvil":1,"stat.flyOneCm":1098254,"stat.playOneMinute":10624,"stat.sneakTime":1005,"stat.timeSinceDeath":10624,"stat.useItem.minecraft.sign":1}