{"stat.walkOneCm":26717,"stat.trappedChestTriggered":1,"stat.pickup.minecraft.redstone_torch":2,"stat.useItem.minecraft.observer":13,"stat.damageTaken":180,"stat.useItem.minecraft.golden_apple.1":3,"stat.minecartOneCm":2564,"stat.aviateOneCm":105,"stat.useItem.minecraft.golden_apple":3,"stat.flyOneCm":248914,"stat.useItem.minecraft.ender_pearl":10,"stat.useItem.minecraft.end_stone":19,"stat.swimOneCm":72,"stat.jump":101,"stat.useItem.minecraft.minecart":4,"stat.playOneMinute":31928,"stat.useItem.minecraft.redstone":5,"stat.sneakTime":1355,"stat.pickup.minecraft.redstone":4,"stat.crouchOneCm":1320,"stat.timeSinceDeath":31928,"stat.useItem.minecraft.obsidian":2,"stat.useItem.minecraft.redstone_torch":3,"stat.sprintOneCm":11173,"stat.diveOneCm":4680,"stat.useItem.minecraft.iron_door":2}