{"stat.chestOpened":7,"stat.useItem.minecraft.chain_command_block":5,"stat.useItem.minecraft.stained_glass.3":93,"stat.useItem.minecraft.stained_glass.5":112,"stat.pigOneCm":16942,"stat.leaveGame":25,"stat.mineBlock.minecraft.slime":2,"stat.useItem.minecraft.white_shulker_box":8,"stat.jump":932,"stat.swimOneCm":1986,"stat.pickup.minecraft.white_shulker_box":1,"stat.fallOneCm":30133,"stat.mineBlock.minecraft.tallgrass.1":34,"stat.crouchOneCm":7518,"stat.craftingTableInteraction":1,"stat.pickup.minecraft.command_block":1,"stat.useItem.minecraft.golden_rail":2,"stat.damageTaken":3022,"stat.useItem.minecraft.wooden_pickaxe":2,"stat.pickup.minecraft.slime":2,"stat.useItem.minecraft.carrot_on_a_stick":3,"stat.aviateOneCm":971567,"stat.useItem.minecraft.concrete.14":2,"stat.useItem.minecraft.slime":14,"stat.flyOneCm":4031810,"stat.useItem.minecraft.ender_pearl":38,"stat.pickup.minecraft.wheat_seeds":7,"stat.useItem.minecraft.cooked_beef":10,"stat.damageDealt":40,"stat.timeSinceDeath":75369,"stat.useItem.minecraft.crafting_table":1,"stat.pickup.minecraft.minecart":2,"stat.useItem.minecraft.command_block":1,"stat.walkOneCm":190565,"stat.useItem.minecraft.chest":7,"stat.useItem.minecraft.stained_glass.11":1,"stat.minecartOneCm":3604,"stat.useItem.minecraft.stained_glass.14":60,"stat.useItem.minecraft.end_stone":5,"stat.drop.minecraft.bedrock":1,"stat.pickup.minecraft.bedrock":2,"stat.useItem.minecraft.minecart":13,"stat.useItem.minecraft.redstone_block":16,"stat.useItem.minecraft.sea_lantern":9,"stat.shulkerBoxOpened":1,"stat.pickup.minecraft.ender_pearl":21,"stat.sprintOneCm":148685,"stat.useItem.minecraft.stained_glass":277,"stat.drop.minecraft.command_block":1,"stat.entityKilledBy.Enderman":1,"stat.pickup.minecraft.chorus_fruit":3,"stat.useItem.minecraft.concrete":2,"stat.useItem.minecraft.netherrack":5,"stat.pickup.minecraft.carrot_on_a_stick":1,"stat.useItem.minecraft.flint_and_steel":8,"stat.drop.minecraft.fireworks":384,"stat.useItem.minecraft.golden_apple.1":3,"stat.mobKills":1,"stat.useItem.minecraft.stained_glass.15":11,"stat.useItem.minecraft.golden_apple":3,"stat.deaths":5,"stat.drop":8,"stat.useItem.minecraft.writable_book":2,"stat.playOneMinute":406447,"stat.sneakTime":6907,"stat.mineBlock.minecraft.tallgrass":34,"stat.diveOneCm":18376}